{
  "content": [
	{
	  "path": "Effects/LIGHT_VL3_Taxi.fx",
	  "size": 1160,
	  "date": 1601765786904
	},
	{
	  "path": "Effects/LIGHT_VL3_vTaxi.fx",
	  "size": 1160,
	  "date": 1601765786904
	},
	{
	  "path": "Effects/LIGHT_VL3_NavigationGreen.fx",
	  "size": 1158,
	  "date": 1601602695597
	},
	{
	  "path": "Effects/LIGHT_VL3_NavigationRed.fx",
	  "size": 1155,
	  "date": 1601602695599
	},
	{
	  "path": "Effects/LIGHT_VL3_StrobeSimple.fx",
	  "size": 4445,
	  "date": 1601844335634
	},
	{
	  "path": "Effects/LIGHT_VL3_StrobeTail.fx",
	  "size": 4445,
	  "date": 1601844335634
	},
	{
	  "path": "Effects/texture/FX_ulmSTR01.PNG.dds",
	  "size": 87556,
	  "date": 1601171156951
	},
	{
	  "path": "Effects/texture/FX_ulmSTR01.PNG.DDS.FLAGS",
	  "size": 21,
	  "date": 1600258154529
	},
	{
	  "path": "Effects/texture/FX_ulmSTR01.PNG.DDS.json",
	  "size": 144,
	  "date": 1600258154529
	},
		{
	  "path": "SimObjects/Airplanes/Asobo_VL3/systems.cfg",
	  "size": 7763,
	  "date": 1602002685006
	}
  ]
}
