{
  "content": [
	{
	  "path": "Effects/LIGHT_G36_BeaconTop.fx",
	  "size": 3501,
	  "date": 1601602695697
	},
	{
	  "path": "Effects/LIGHT_G36_Landing.fx",
	  "size": 1159,
	  "date": 1601765786951
	},
	{
	  "path": "Effects/LIGHT_G36_NavigationGreen.fx",
	  "size": 1158,
	  "date": 1601602695597
	},
	{
	  "path": "Effects/LIGHT_G36_NavigationRed.fx",
	  "size": 1155,
	  "date": 1601602695599
	},
	{
	  "path": "Effects/LIGHT_G36_NavigationWhite.fx",
	  "size": 1353,
	  "date": 1601678123008
	},
	{
	  "path": "Effects/LIGHT_G36_StrobeSimple.fx",
	  "size": 4422,
	  "date": 1601844243769
	},
	{
	  "path": "Effects/LIGHT_G36_Taxi.fx",
	  "size": 1209,
	  "date": 1601765786956
	},
	{
	  "path": "Effects/texture/FX_ulm01.PNG.dds",
	  "size": 87556,
	  "date": 1601171156951
	},
	{
	  "path": "Effects/texture/fx_ulm01.png.DDS.FLAGS",
	  "size": 21,
	  "date": 1600258154529
	},
	{
	  "path": "Effects/texture/FX_ulm01.PNG.DDS.json",
	  "size": 144,
	  "date": 1600258154529
	},
	{
	  "path": "Effects/texture/FX_ulm02.PNG.dds",
	  "size": 87556,
	  "date": 1601079500645
	},
	{
	  "path": "Effects/texture/fx_ulm02.png.DDS.FLAGS",
	  "size": 21,
	  "date": 1600258154529
	},
	{
	  "path": "Effects/texture/FX_ulm02.PNG.DDS.json",
	  "size": 144,
	  "date": 1600258154529
	},
	{
	  "path": "Effects/texture/FX_ulm03.PNG.dds",
	  "size": 87556,
	  "date": 1601673110890
	},
	{
	  "path": "Effects/texture/fx_ulm03.png.DDS.FLAGS",
	  "size": 21,
	  "date": 1600258154529
	},
	{
	  "path": "Effects/texture/FX_ulm03.PNG.DDS.json",
	  "size": 144,
	  "date": 1600258154529
	},
	{
	  "path": "Effects/texture/FX_ulm04.PNG.DDS",
	  "size": 87556,
	  "date": 1601378846661
	},
	{
	  "path": "Effects/texture/fx_ulm04.png.DDS.FLAGS",
	  "size": 21,
	  "date": 1600258154529
	},
	{
	  "path": "Effects/texture/FX_ulm04.PNG.DDS.json",
	  "size": 144,
	  "date": 1600258154529
	},
	{
	  "path": "SimObjects/Airplanes/Asobo_Bonanza_G36/systems.cfg",
	  "size": 11412,
	  "date": 1601838568659
	}
  ]
}
