{
  "content": [
	{
	  "path": "Effects/LIGHT_PC6_BeaconBelly.fx",
	  "size": 1222,
	  "date": 1638582151993
	},
	{
	  "path": "Effects/LIGHT_PC6_BeaconTop.fx",
	  "size": 1225,
	  "date": 1638705706680
	},
	{
	  "path": "Effects/LIGHT_PC6_BeaconTopLeft.fx",
	  "size": 1226,
	  "date": 1638709313657
	},
	{
	  "path": "Effects/LIGHT_PC6_BeaconTopRight.fx",
	  "size": 1226,
	  "date": 1638709305085
	},
	{
	  "path": "Effects/LIGHT_PC6_Landing.fx",
	  "size": 1162,
	  "date": 1638577621570
	},
	{
	  "path": "Effects/LIGHT_PC6_NavigationGreen.fx",
	  "size": 1158,
	  "date": 1601602695597
	},
	{
	  "path": "Effects/LIGHT_PC6_NavigationRed.fx",
	  "size": 1155,
	  "date": 1601602695599
	},
	{
	  "path": "Effects/LIGHT_PC6_StrobeSimple.fx",
	  "size": 4714,
	  "date": 1611360799089
	},
	{
	  "path": "Effects/LIGHT_PC6_vLanding.fx",
	  "size": 1159,
	  "date": 1638489872976
	},
	{
	  "path": "Effects/texture/FX_ulm03.PNG.dds",
	  "size": 87556,
	  "date": 1601673110890
	},
	{
	  "path": "Effects/texture/fx_ulm03.png.DDS.FLAGS",
	  "size": 21,
	  "date": 1600258154529
	},
	{
	  "path": "Effects/texture/FX_ulm03.PNG.DDS.json",
	  "size": 144,
	  "date": 1600258154529
	},
	{
	  "path": "SimObjects/Airplanes/Microsoft_Pilatus_PC6_G950_Floats/systems.cfg",
	  "size": 8121,
	  "date": 1637433591041
	},
	{
	  "path": "SimObjects/Airplanes/Microsoft_Pilatus_PC6_G950_Wheels/systems.cfg",
	  "size": 8721,
	  "date": 1638710168552
	},
	{
	  "path": "SimObjects/Airplanes/Microsoft_Pilatus_PC6_Gauge_Skis/systems.cfg",
	  "size": 12606,
	  "date": 1638709884175
	},
	{
	  "path": "SimObjects/Airplanes/Microsoft_Pilatus_PC6_Gauge_Wheels/systems.cfg",
	  "size": 12504,
	  "date": 1638709903076
	}
  ]
}
