{
  "content": [
	{
	  "path": "Effects/LIGHT_C208_Landing.fx",
	  "size": 1230,
	  "date": 1599944778866
	},
	{
	  "path": "Effects/LIGHT_C208_NavigationGreen.fx",
	  "size": 1230,
	  "date": 1599434142438
	},
	{
	  "path": "Effects/LIGHT_C208_NavigationRed.fx",
	  "size": 1227,
	  "date": 1599434144532
	},
	{
	  "path": "Effects/LIGHT_C208_StrobeSimple.fx",
	  "size": 1233,
	  "date": 1599943847775
	},
	{
	  "path": "Effects/LIGHT_C208_Taxi.fx",
	  "size": 1280,
	  "date": 1599943882356
	},
	{
	  "path": "SimObjects/Airplanes/Asobo_208B_GRAND_CARAVAN_EX/systems.cfg",
	  "size": 15483,
	  "date": 1599945466297
	}
  ]
}
