{
  "content": [
	{
	  "path": "Effects/LIGHT_C172g_BeaconTop.fx",
	  "size": 3507,
	  "date": 1601602695612
	},
	{
	  "path": "Effects/LIGHT_C172g_Landing.fx",
	  "size": 1159,
	  "date": 1601765786841
	},
	{
	  "path": "Effects/LIGHT_C172g_NavigationGreen.fx",
	  "size": 1158,
	  "date": 1601602695597
	},
	{
	  "path": "Effects/LIGHT_C172g_NavigationRed.fx",
	  "size": 1155,
	  "date": 1601602695599
	},
	{
	  "path": "Effects/LIGHT_C172g_NavigationWhite.fx",
	  "size": 1353,
	  "date": 1601678123008
	},
	{
	  "path": "Effects/LIGHT_C172g_StrobeSimple.fx",
	  "size": 4432,
	  "date": 1630929533453
	},
	{
	  "path": "Effects/LIGHT_C172g_Taxi.fx",
	  "size": 1207,
	  "date": 1603631365859
	},
	{
	  "path": "Effects/LIGHT_C172g_vLanding.fx",
	  "size": 1156,
	  "date": 1603631438081
	},
	{
	  "path": "Effects/LIGHT_C172g_vTaxi.fx",
	  "size": 1207,
	  "date": 1603631395064
	},
	{
	  "path": "Effects/texture/FX_ulmSTR01.PNG.dds",
	  "size": 87556,
	  "date": 1601673110890
	},
	{
	  "path": "Effects/texture/fx_ulmSTR01.png.DDS.FLAGS",
	  "size": 21,
	  "date": 1600258154529
	},
	{
	  "path": "Effects/texture/FX_ulmSTR01.PNG.DDS.json",
	  "size": 144,
	  "date": 1600258154529
	},
	{
	  "path": "SimObjects/Airplanes/Asobo_C172sp_AS1000/systems.cfg",
	  "size": 10618,
	  "date": 1609072349293
	},
	{
	  "path": "SimObjects/Airplanes/Asobo_C172sp_AS1000_Floaters/systems.cfg",
	  "size": 10757,
	  "date": 1627748544778
	},
	{
	  "path": "SimObjects/Airplanes/Asobo_C172sp_AS1000_Skis/systems.cfg",
	  "size": 10381,
	  "date": 1627748545002
	}
  ]
}
