{
  "content": [
	{
	  "path": "Effects/LIGHT_A320_BeaconBellyOmni.fx",
	  "size": 4665,
	  "date": 1601583746026
	},
	{
	  "path": "Effects/LIGHT_A320_BeaconTop.fx",
	  "size": 4650,
	  "date": 1601583746031
	},
	{
	  "path": "Effects/LIGHT_A320_LandingLarge.fx",
	  "size": 1286,
	  "date": 1601393514076
	},
	{
	  "path": "Effects/LIGHT_A320_LogoLight.fx",
	  "size": 1280,
	  "date": 1601393514079
	},
	{
	  "path": "Effects/LIGHT_A320_NavigationGreen.fx",
	  "size": 1158,
	  "date": 1601571670363
	},
	{
	  "path": "Effects/LIGHT_A320_NavigationRed.fx",
	  "size": 1155,
	  "date": 1601571562771
	},
	{
	  "path": "Effects/LIGHT_A320_NavigationWhite.fx",
	  "size": 2517,
	  "date": 1601509701407
	},
	{
	  "path": "Effects/LIGHT_A320_RwTurnoff.fx",
	  "size": 1286,
	  "date": 1601393514091
	},
	{
	  "path": "Effects/LIGHT_A320_StrobeDouble.fx",
	  "size": 10140,
	  "date": 1601583746049
	},
	{
	  "path": "Effects/LIGHT_A320_StrobeTail.fx",
	  "size": 4432,
	  "date": 1601583746053
	},
	{
	  "path": "Effects/LIGHT_A320_TaxiLarge.fx",
	  "size": 1284,
	  "date": 1601393514099
	},
	{
	  "path": "Effects/LIGHT_A320_TaxiTakeoff.fx",
	  "size": 1282,
	  "date": 1601393514103
	},
	{
	  "path": "Effects/LIGHT_A320_WingLarge.fx",
	  "size": 1296,
	  "date": 1601393514107
	},
	{
	  "path": "Effects/LIGHT_C152_BeaconTop.fx",
	  "size": 1224,
	  "date": 1601393514110
	},
	{
	  "path": "Effects/LIGHT_C152_Landing.fx",
	  "size": 1163,
	  "date": 1601582380462
	},
	{
	  "path": "Effects/LIGHT_C152_NavigationGreen.fx",
	  "size": 1158,
	  "date": 1601571661499
	},
	{
	  "path": "Effects/LIGHT_C152_NavigationRed.fx",
	  "size": 1155,
	  "date": 1601571550797
	},
	{
	  "path": "Effects/LIGHT_C152_NavigationWhite.fx",
	  "size": 1359,
	  "date": 1601393514125
	},
	{
	  "path": "Effects/LIGHT_C152_StrobeSimple.fx",
	  "size": 4451,
	  "date": 1601590993502
	},
	{
	  "path": "Effects/LIGHT_C152_Taxi.fx",
	  "size": 1210,
	  "date": 1601582380473
	},
	{
	  "path": "Effects/LIGHT_C172g_BeaconTop.fx",
	  "size": 1224,
	  "date": 1601393514138
	},
	{
	  "path": "Effects/LIGHT_C172g_Landing.fx",
	  "size": 1163,
	  "date": 1601582380478
	},
	{
	  "path": "Effects/LIGHT_C172g_NavigationGreen.fx",
	  "size": 1158,
	  "date": 1601571654273
	},
	{
	  "path": "Effects/LIGHT_C172g_NavigationRed.fx",
	  "size": 1155,
	  "date": 1601571540222
	},
	{
	  "path": "Effects/LIGHT_C172g_StrobeSimple.fx",
	  "size": 1165,
	  "date": 1601582602991
	},
	{
	  "path": "Effects/LIGHT_C172g_Taxi.fx",
	  "size": 2338,
	  "date": 1601582380488
	},
	{
	  "path": "Effects/LIGHT_C208_BeaconTop.fx",
	  "size": 3509,
	  "date": 1601583746088
	},
	{
	  "path": "Effects/LIGHT_C208_Landing.fx",
	  "size": 1165,
	  "date": 1601581986156
	},
	{
	  "path": "Effects/LIGHT_C208_NavigationGreen.fx",
	  "size": 1158,
	  "date": 1601571645068
	},
	{
	  "path": "Effects/LIGHT_C208_NavigationRed.fx",
	  "size": 1155,
	  "date": 1601571532105
	},
	{
	  "path": "Effects/LIGHT_C208_StrobeSimple.fx",
	  "size": 4432,
	  "date": 1601582593512
	},
	{
	  "path": "Effects/LIGHT_C208_Taxi.fx",
	  "size": 1214,
	  "date": 1601582000975
	},
	{
	  "path": "Effects/LIGHT_CJ4_BeaconTop.fx",
	  "size": 3515,
	  "date": 1601583746101
	},
	{
	  "path": "Effects/LIGHT_CJ4_Landing.fx",
	  "size": 1236,
	  "date": 1601582380506
	},
	{
	  "path": "Effects/LIGHT_CJ4_NavigationGreen.fx",
	  "size": 1230,
	  "date": 1601571636476
	},
	{
	  "path": "Effects/LIGHT_CJ4_NavigationRed.fx",
	  "size": 1227,
	  "date": 1601571523405
	},
	{
	  "path": "Effects/LIGHT_CJ4_StrobeSimple.fx",
	  "size": 4706,
	  "date": 1601583746110
	},
	{
	  "path": "Effects/LIGHT_CJ4_TaxiBelly.fx",
	  "size": 1291,
	  "date": 1601582380515
	},
	{
	  "path": "Effects/LIGHT_DA40_Landing.fx",
	  "size": 1164,
	  "date": 1601582380518
	},
	{
	  "path": "Effects/LIGHT_DA40_NavigationGreen.fx",
	  "size": 1158,
	  "date": 1601569648697
	},
	{
	  "path": "Effects/LIGHT_DA40_NavigationRed.fx",
	  "size": 1155,
	  "date": 1601569904332
	},
	{
	  "path": "Effects/LIGHT_DA40_StrobeSimple.fx",
	  "size": 4420,
	  "date": 1601583746121
	},
	{
	  "path": "Effects/LIGHT_DA40_Taxi.fx",
	  "size": 1212,
	  "date": 1601582380527
	},
	{
	  "path": "Effects/LIGHT_DA62_LandingBelly.fx",
	  "size": 1236,
	  "date": 1601582380530
	},
	{
	  "path": "Effects/LIGHT_DA62_NavigationGreen.fx",
	  "size": 1158,
	  "date": 1601571624330
	},
	{
	  "path": "Effects/LIGHT_DA62_NavigationRed.fx",
	  "size": 1155,
	  "date": 1601571513140
	},
	{
	  "path": "Effects/LIGHT_DA62_StrobeSimple.fx",
	  "size": 1165,
	  "date": 1601582548968
	},
	{
	  "path": "Effects/LIGHT_DA62_TaxiBelly.fx",
	  "size": 1286,
	  "date": 1601582380539
	},
	{
	  "path": "Effects/LIGHT_G36_Landing.fx",
	  "size": 1163,
	  "date": 1601582380542
	},
	{
	  "path": "Effects/LIGHT_G36_NavigationGreen.fx",
	  "size": 1158,
	  "date": 1601571607841
	},
	{
	  "path": "Effects/LIGHT_G36_NavigationRed.fx",
	  "size": 1155,
	  "date": 1601571502829
	},
	{
	  "path": "Effects/LIGHT_G36_StrobeSimple.fx",
	  "size": 4436,
	  "date": 1601583746145
	},
	{
	  "path": "Effects/LIGHT_G36_BeaconTop.fx",
	  "size": 3509,
	  "date": 1601583746088
	},
	{
	  "path": "Effects/LIGHT_G36_Taxi.fx",
	  "size": 1213,
	  "date": 1601582380555
	},
	{
	  "path": "Effects/LIGHT_G36_NavigationWhite.fx",
	  "size": 4836,
	  "date": 1601421844454
	},
	{
	  "path": "Effects/LIGHT_Icon_Landing.fx",
	  "size": 1170,
	  "date": 1601582380558
	},
	{
	  "path": "Effects/LIGHT_Icon_NavigationGreen.fx",
	  "size": 1158,
	  "date": 1601571601382
	},
	{
	  "path": "Effects/LIGHT_Icon_NavigationRed.fx",
	  "size": 1155,
	  "date": 1601571495455
	},
	{
	  "path": "Effects/LIGHT_Icon_NavigationWhite.fx",
	  "size": 4836,
	  "date": 1601421844454
	},
	{
	  "path": "Effects/LIGHT_Icon_StrobeSimple.fx",
	  "size": 4451,
	  "date": 1601590959214
	},
	{
	  "path": "Effects/LIGHT_Icon_Taxi.fx",
	  "size": 1210,
	  "date": 1601582380568
	},
	{
	  "path": "Effects/LIGHT_KingAir_BeaconBelly.fx",
	  "size": 1227,
	  "date": 1601378846633
	},
	{
	  "path": "Effects/LIGHT_KingAir_BeaconTop.fx",
	  "size": 3509,
	  "date": 1601583746088
	},
	{
	  "path": "Effects/LIGHT_KingAir_Landing.fx",
	  "size": 1236,
	  "date": 1601591682108
	},
	{
	  "path": "Effects/LIGHT_KingAir_LandingPulse.fx",
	  "size": 1229,
	  "date": 1601591687837
	},
	{
	  "path": "Effects/LIGHT_KingAir_NavigationGreen.fx",
	  "size": 1230,
	  "date": 1601571594696
	},
	{
	  "path": "Effects/LIGHT_KingAir_NavigationRed.fx",
	  "size": 1227,
	  "date": 1601571485541
	},
	{
	  "path": "Effects/LIGHT_KingAir_StrobeSimple.fx",
	  "size": 4710,
	  "date": 1601583746173
	},
	{
	  "path": "Effects/LIGHT_KingAir_Taxi.fx",
	  "size": 1286,
	  "date": 1601591691639
	},
	{
	  "path": "Effects/LIGHT_TBM_Landing.fx",
	  "size": 1236,
	  "date": 1601582380590
	},
	{
	  "path": "Effects/LIGHT_TBM_NavigationGreen.fx",
	  "size": 1230,
	  "date": 1601571587857
	},
	{
	  "path": "Effects/LIGHT_TBM_NavigationRed.fx",
	  "size": 1227,
	  "date": 1601571476249
	},
	{
	  "path": "Effects/LIGHT_TBM_StrobeSimple.fx",
	  "size": 4706,
	  "date": 1601583746183
	},
	{
	  "path": "Effects/LIGHT_TBM_Taxi.fx",
	  "size": 1285,
	  "date": 1601582380598
	},
	{
	  "path": "Effects/LIGHT_TBM_TBM930_Pulse.fx",
	  "size": 1349,
	  "date": 1601582380601
	},
	{
	  "path": "Effects/texture/FX_ulm01.PNG.dds",
	  "size": 87556,
	  "date": 1601171156951
	},
	{
	  "path": "Effects/texture/fx_ulm01.png.DDS.FLAGS",
	  "size": 21,
	  "date": 1600258154529
	},
	{
	  "path": "Effects/texture/FX_ulm01.PNG.DDS.json",
	  "size": 144,
	  "date": 1600258154529
	},
	{
	  "path": "Effects/texture/FX_ulm02.PNG.dds",
	  "size": 87556,
	  "date": 1601079500645
	},
	{
	  "path": "Effects/texture/fx_ulm02.png.DDS.FLAGS",
	  "size": 21,
	  "date": 1600258154529
	},
	{
	  "path": "Effects/texture/FX_ulm02.PNG.DDS.json",
	  "size": 144,
	  "date": 1600258154529
	},
	{
	  "path": "Effects/texture/FX_ulm03.PNG.dds",
	  "size": 87556,
	  "date": 1601581060972
	},
	{
	  "path": "Effects/texture/fx_ulm03.png.DDS.FLAGS",
	  "size": 21,
	  "date": 1600258154529
	},
	{
	  "path": "Effects/texture/FX_ulm03.PNG.DDS.json",
	  "size": 144,
	  "date": 1600258154529
	},
	{
	  "path": "Effects/texture/FX_ulm04.PNG.DDS",
	  "size": 87556,
	  "date": 1601378846661
	},
	{
	  "path": "Effects/texture/fx_ulm04.png.DDS.FLAGS",
	  "size": 21,
	  "date": 1600258154529
	},
	{
	  "path": "Effects/texture/FX_ulm04.PNG.DDS.json",
	  "size": 144,
	  "date": 1600258154529
	},
	{
	  "path": "SimObjects/Airplanes/Asobo_208B_GRAND_CARAVAN_EX/systems.cfg",
	  "size": 14671,
	  "date": 1601212229033
	},
	{
	  "path": "SimObjects/Airplanes/Asobo_A320_NEO/systems.cfg",
	  "size": 17931,
	  "date": 1601510336140
	},
	{
	  "path": "SimObjects/Airplanes/Asobo_Bonanza_G36/systems.cfg",
	  "size": 11416,
	  "date": 1600036644755
	},
	{
	  "path": "SimObjects/Airplanes/Asobo_C152/systems.cfg",
	  "size": 8685,
	  "date": 1601584149906
	},
	{
	  "path": "SimObjects/Airplanes/Asobo_C172sp_AS1000/systems.cfg",
	  "size": 10281,
	  "date": 1600641290103
	},
	{
	  "path": "SimObjects/Airplanes/Asobo_CJ4/systems.cfg",
	  "size": 12429,
	  "date": 1599600823547
	},
	{
	  "path": "SimObjects/Airplanes/Asobo_DA40_NG/systems.cfg",
	  "size": 10963,
	  "date": 1600433919834
	},
	{
	  "path": "SimObjects/Airplanes/Asobo_DA62/systems.cfg",
	  "size": 11597,
	  "date": 1600460187183
	},
	{
	  "path": "SimObjects/Airplanes/Asobo_Icon/systems.cfg",
	  "size": 8821,
	  "date": 1600903996688
	},
	{
	  "path": "SimObjects/Airplanes/Asobo_KingAir350/systems.cfg",
	  "size": 15492,
	  "date": 1601591784421
	},
	{
	  "path": "SimObjects/Airplanes/Asobo_TBM930/systems.cfg",
	  "size": 8222,
	  "date": 1601333177198
	}
  ]
}
