{
  "content": [
	{
	  "path": "Effects/LIGHT_DR400_Landing.fx",
	  "size": 1159,
	  "date": 1601765786934
	},
	{
	  "path": "Effects/LIGHT_DR400_vLanding.fx",
	  "size": 1159,
	  "date": 1601765786934
	},
	{
	  "path": "Effects/LIGHT_DR400_NavigationGreen.fx",
	  "size": 1158,
	  "date": 1601602695597
	},
	{
	  "path": "Effects/LIGHT_DR400_NavigationRed.fx",
	  "size": 1155,
	  "date": 1601602695599
	},
	{
	  "path": "Effects/LIGHT_DR400_NavigationWhite.fx",
	  "size": 1353,
	  "date": 1601678123008
	},
	{
	  "path": "Effects/LIGHT_DR400_StrobeTop.fx",
	  "size": 3513,
	  "date": 1601842300739
	},
	{
	  "path": "Effects/LIGHT_DR400_Taxi.fx",
	  "size": 1206,
	  "date": 1601765786939
	},
	{
	  "path": "Effects/LIGHT_DR400_vTaxi.fx",
	  "size": 1206,
	  "date": 1601765786939
	},
	{
	  "path": "Effects/texture/FX_ulm01.PNG.dds",
	  "size": 87556,
	  "date": 1601171156951
	},
	{
	  "path": "Effects/texture/fx_ulm01.png.DDS.FLAGS",
	  "size": 21,
	  "date": 1600258154529
	},
	{
	  "path": "Effects/texture/FX_ulm01.PNG.DDS.json",
	  "size": 144,
	  "date": 1600258154529
	},
	{
	  "path": "Effects/texture/FX_ulm02.PNG.dds",
	  "size": 87556,
	  "date": 1601079500645
	},
	{
	  "path": "Effects/texture/fx_ulm02.png.DDS.FLAGS",
	  "size": 21,
	  "date": 1600258154529
	},
	{
	  "path": "Effects/texture/FX_ulm02.PNG.DDS.json",
	  "size": 144,
	  "date": 1600258154529
	},
	{
	  "path": "Effects/texture/FX_ulm03.PNG.dds",
	  "size": 87556,
	  "date": 1601673110890
	},
	{
	  "path": "Effects/texture/fx_ulm03.png.DDS.FLAGS",
	  "size": 21,
	  "date": 1600258154529
	},
	{
	  "path": "Effects/texture/FX_ulm03.PNG.DDS.json",
	  "size": 144,
	  "date": 1600258154529
	},
	{
	  "path": "Effects/texture/FX_ulm04.PNG.DDS",
	  "size": 87556,
	  "date": 1601378846661
	},
	{
	  "path": "Effects/texture/fx_ulm04.png.DDS.FLAGS",
	  "size": 21,
	  "date": 1600258154529
	},
	{
	  "path": "Effects/texture/FX_ulm04.PNG.DDS.json",
	  "size": 144,
	  "date": 1600258154529
	},
	{
	  "path": "SimObjects/Airplanes/Asobo_DR400/systems.cfg",
	  "size": 6848,
	  "date": 1601838600915
	}
  ]
}
