{
  "content": [
    {
      "path": "de-DE.locPak",
      "size": 1740,
      "date": 132484674669523725
    },
    {
      "path": "en-US.locPak",
      "size": 1463,
      "date": 132484674669523725
    },
    {
      "path": "es-ES.locPak",
      "size": 1626,
      "date": 132484674669529037
    },
    {
      "path": "fr-FR.locPak",
      "size": 1680,
      "date": 132484674669529037
    },
    {
      "path": "it-IT.locPak",
      "size": 1598,
      "date": 132484674669529037
    },
    {
      "path": "pl-PL.locPak",
      "size": 1587,
      "date": 132484674669559495
    },
    {
      "path": "pt-BR.locPak",
      "size": 1585,
      "date": 132484674669559495
    },
    {
      "path": "ru-RU.locPak",
      "size": 2447,
      "date": 132484674669569433
    },
    {
      "path": "Effects/LIGHT_C172g_BeaconTop.fx",
      "size": 3507,
      "date": 132461014956115879
    },
    {
      "path": "Effects/LIGHT_C172g_Landing.fx",
      "size": 1159,
      "date": 132462645868411712
    },
    {
      "path": "Effects/LIGHT_C172g_NavigationGreen.fx",
      "size": 1158,
      "date": 132461014955965030
    },
    {
      "path": "Effects/LIGHT_C172g_NavigationRed.fx",
      "size": 1155,
      "date": 132461014955994946
    },
    {
      "path": "Effects/LIGHT_C172g_NavigationWhite.fx",
      "size": 1353,
      "date": 132461769230083964
    },
    {
      "path": "Effects/LIGHT_C172g_StrobeSimple.fx",
      "size": 4432,
      "date": 132754530442501161
    },
    {
      "path": "Effects/LIGHT_C172g_Taxi.fx",
      "size": 1207,
      "date": 132481301658587796
    },
    {
      "path": "Effects/LIGHT_C172g_vLanding.fx",
      "size": 1156,
      "date": 132481302380814517
    },
    {
      "path": "Effects/LIGHT_C172g_vTaxi.fx",
      "size": 1207,
      "date": 132481301950641720
    },
    {
      "path": "Effects/texture/FX_ulmSTR01.PNG.dds",
      "size": 87556,
      "date": 132461719108903891
    },
    {
      "path": "Effects/texture/fx_ulmSTR01.png.DDS.FLAGS",
      "size": 21,
      "date": 132447569545285976
    },
    {
      "path": "Effects/texture/FX_ulmSTR01.PNG.DDS.json",
      "size": 144,
      "date": 132447569545285976
    },
    {
      "path": "SimObjects/Airplanes/Asobo_C172sp_AS1000/systems.cfg",
      "size": 10667,
      "date": 133228150875341291
    },
    {
      "path": "SimObjects/Airplanes/Asobo_C172sp_AS1000_Floaters/systems.cfg",
      "size": 11100,
      "date": 133228150713438099
    },
    {
      "path": "SimObjects/Airplanes/Asobo_C172sp_AS1000_Skis/systems.cfg",
      "size": 10722,
      "date": 133228150994939635
    },
    {
      "path": "SimObjects/Airplanes/Asobo_C172sp_AS1000_TowPlane/systems.cfg",
      "size": 10667,
      "date": 133228151081020948
    }
  ]
}