{
  "content": [
	{
	  "path": "Effects/LIGHT_CJ4_BeaconTop.fx",
	  "size": 1219,
	  "date": 1599587341619
	},
	{
	  "path": "Effects/LIGHT_CJ4_Landing.fx",
	  "size": 1230,
	  "date": 1599520121317
	},
	{
	  "path": "Effects/LIGHT_CJ4_NavigationGreen.fx",
	  "size": 1230,
	  "date": 1599587301010
	},
	{
	  "path": "Effects/LIGHT_CJ4_NavigationRed.fx",
	  "size": 1227,
	  "date": 1599434144532
	},
	{
	  "path": "Effects/LIGHT_CJ4_StrobeSimple.fx",
	  "size": 1227,
	  "date": 1599521192661
	},
	{
	  "path": "Effects/LIGHT_CJ4_TaxiBelly.fx",
	  "size": 1285,
	  "date": 1599521171544
	},
	{
	  "path": "SimObjects/Airplanes/Asobo_CJ4/systems.cfg",
	  "size": 12429,
	  "date": 1599600823547
	}
  ]
}
