{
  "content": [
	{
	  "path": "Effects/LIGHT_B748_BeaconBellyOmni.fx",
	  "size": 4657,
	  "date": 1601650425559
	},
	{
	  "path": "Effects/LIGHT_B748_BeaconTop.fx",
	  "size": 4642,
	  "date": 1601650391417
	},
	{
	  "path": "Effects/LIGHT_B748_LandingLarge.fx",
	  "size": 1282,
	  "date": 1602112837166
	},
	{
	  "path": "Effects/LIGHT_B748_LogoLightLarge.fx",
	  "size": 1277,
	  "date": 1601378846641
	},
	{
	  "path": "Effects/LIGHT_B748_NavigationGreen.fx",
	  "size": 1157,
	  "date": 1601649992560
	},
	{
	  "path": "Effects/LIGHT_B748_NavigationRed.fx",
	  "size": 1155,
	  "date": 1601649972332
	},
	{
	  "path": "Effects/LIGHT_B748_NavigationWhite.fx",
	  "size": 1357,
	  "date": 1601650853398
	},
	{
	  "path": "Effects/LIGHT_B748_RwTurnoff.fx",
	  "size": 1279,
	  "date": 1602026248462
	},
	{
	  "path": "Effects/LIGHT_B748_StrobeSimple.fx",
	  "size": 4433,
	  "date": 1601844341851
	},
	{
	  "path": "Effects/LIGHT_B748_TaxiLarge.fx",
	  "size": 1278,
	  "date": 1602026538855
	},
	{
	  "path": "Effects/LIGHT_B748_WingLarge.fx",
	  "size": 1284,
	  "date": 1602284423574
	},
	{
	  "path": "Effects/texture/FX_ulm01.PNG.dds",
	  "size": 87556,
	  "date": 1601171156951
	},
	{
	  "path": "Effects/texture/fx_ulm01.png.DDS.FLAGS",
	  "size": 21,
	  "date": 1600258154529
	},
	{
	  "path": "Effects/texture/FX_ulm01.PNG.DDS.json",
	  "size": 144,
	  "date": 1600258154529
	},
	{
	  "path": "Effects/texture/FX_ulm02.PNG.dds",
	  "size": 87556,
	  "date": 1601079500645
	},
	{
	  "path": "Effects/texture/fx_ulm02.png.DDS.FLAGS",
	  "size": 21,
	  "date": 1600258154529
	},
	{
	  "path": "Effects/texture/FX_ulm02.PNG.DDS.json",
	  "size": 144,
	  "date": 1600258154529
	},
	{
	  "path": "Effects/texture/FX_ulm03.PNG.dds",
	  "size": 87556,
	  "date": 1601673110890
	},
	{
	  "path": "Effects/texture/fx_ulm03.png.DDS.FLAGS",
	  "size": 21,
	  "date": 1600258154529
	},
	{
	  "path": "Effects/texture/FX_ulm03.PNG.DDS.json",
	  "size": 144,
	  "date": 1600258154529
	},
	{
	  "path": "Effects/texture/FX_ulm04.PNG.DDS",
	  "size": 87556,
	  "date": 1601378846661
	},
	{
	  "path": "Effects/texture/fx_ulm04.png.DDS.FLAGS",
	  "size": 21,
	  "date": 1600258154529
	},
	{
	  "path": "Effects/texture/FX_ulm04.PNG.DDS.json",
	  "size": 144,
	  "date": 1600258154529
	},
	{
	  "path": "SimObjects/Airplanes/Asobo_B747_8i/systems.cfg",
	  "size": 26530,
	  "date": 1602030672117
	}
  ]
}
