{
  "content": [
	{
	  "path": "Effects/LIGHT_C152_BeaconTop.fx",
	  "size": 1220,
	  "date": 1601602695591
	},
	{
	  "path": "Effects/LIGHT_C152_Landing.fx",
	  "size": 1159,
	  "date": 1601765786825
	},
	{
	  "path": "Effects/LIGHT_C152_vLanding.fx",
	  "size": 1159,
	  "date": 1601765786825
	},
	{
	  "path": "Effects/LIGHT_C152_NavigationGreen.fx",
	  "size": 1158,
	  "date": 1601602695597
	},
	{
	  "path": "Effects/LIGHT_C152_NavigationRed.fx",
	  "size": 1155,
	  "date": 1601602695599
	},
	{
	  "path": "Effects/LIGHT_C152_NavigationWhite.fx",
	  "size": 1353,
	  "date": 1601678123008
	},
	{
	  "path": "Effects/LIGHT_C152_StrobeSimple.fx",
	  "size": 4445,
	  "date": 1601844335563
	},
	{
	  "path": "Effects/LIGHT_C152_Taxi.fx",
	  "size": 1206,
	  "date": 1601765786830
	},
	{
	  "path": "Effects/LIGHT_C152_vTaxi.fx",
	  "size": 1206,
	  "date": 1601765786830
	},
	{
	  "path": "Effects/texture/FX_ulm01.PNG.dds",
	  "size": 87556,
	  "date": 1601171156951
	},
	{
	  "path": "Effects/texture/fx_ulm01.png.DDS.FLAGS",
	  "size": 21,
	  "date": 1600258154529
	},
	{
	  "path": "Effects/texture/FX_ulm01.PNG.DDS.json",
	  "size": 144,
	  "date": 1600258154529
	},
	{
	  "path": "Effects/texture/FX_ulm02.PNG.dds",
	  "size": 87556,
	  "date": 1601079500645
	},
	{
	  "path": "Effects/texture/fx_ulm02.png.DDS.FLAGS",
	  "size": 21,
	  "date": 1600258154529
	},
	{
	  "path": "Effects/texture/FX_ulm02.PNG.DDS.json",
	  "size": 144,
	  "date": 1600258154529
	},
	{
	  "path": "Effects/texture/FX_ulm03.PNG.dds",
	  "size": 87556,
	  "date": 1601673110890
	},
	{
	  "path": "Effects/texture/fx_ulm03.png.DDS.FLAGS",
	  "size": 21,
	  "date": 1600258154529
	},
	{
	  "path": "Effects/texture/FX_ulm03.PNG.DDS.json",
	  "size": 144,
	  "date": 1600258154529
	},
	{
	  "path": "Effects/texture/FX_ulm04.PNG.DDS",
	  "size": 87556,
	  "date": 1601378846661
	},
	{
	  "path": "Effects/texture/fx_ulm04.png.DDS.FLAGS",
	  "size": 21,
	  "date": 1600258154529
	},
	{
	  "path": "Effects/texture/FX_ulm04.PNG.DDS.json",
	  "size": 144,
	  "date": 1600258154529
	},
	{
	  "path": "SimObjects/Airplanes/Asobo_C152/systems.cfg",
	  "size": 8679,
	  "date": 1601839723818
	}
  ]
}
