{
  "content": [
    {
      "path": "de-DE.locPak",
      "size": 2669,
      "date": 133087007042651275
    },
    {
      "path": "en-US.locPak",
      "size": 2142,
      "date": 133087007042671225
    },
    {
      "path": "es-ES.locPak",
      "size": 2617,
      "date": 133087007042681192
    },
    {
      "path": "es-MX.locPak",
      "size": 2626,
      "date": 133087007042701142
    },
    {
      "path": "fi-FI.locPak",
      "size": 2432,
      "date": 133087007042711110
    },
    {
      "path": "fr-FR.locPak",
      "size": 2511,
      "date": 133087007042721082
    },
    {
      "path": "it-IT.locPak",
      "size": 2439,
      "date": 133087007042731051
    },
    {
      "path": "ja-JP.locPak",
      "size": 2864,
      "date": 133087007042751004
    },
    {
      "path": "nb-NO.locPak",
      "size": 2207,
      "date": 133087007042790896
    },
    {
      "path": "nl-NL.locPak",
      "size": 2344,
      "date": 133087007042800869
    },
    {
      "path": "pl-PL.locPak",
      "size": 2703,
      "date": 133087007042810851
    },
    {
      "path": "pt-BR.locPak",
      "size": 2504,
      "date": 133087007042830783
    },
    {
      "path": "pt-PT.locPak",
      "size": 2473,
      "date": 133087007042840783
    },
    {
      "path": "ru-RU.locPak",
      "size": 3852,
      "date": 133087007042850749
    },
    {
      "path": "sv-SE.locPak",
      "size": 2310,
      "date": 133087007056016394
    },
    {
      "path": "zh-CN.locPak",
      "size": 2302,
      "date": 133087007056026038
    },
    {
      "path": "Effects/LIGHT_Longitude_BeaconBelly.fx",
      "size": 2372,
      "date": 132565049660000000
    },
    {
      "path": "Effects/LIGHT_Longitude_BeaconBellyLeft.fx",
      "size": 2244,
      "date": 132565399100000000
    },
    {
      "path": "Effects/LIGHT_Longitude_BeaconBellyRight.fx",
      "size": 2245,
      "date": 132565399140000000
    },
    {
      "path": "Effects/LIGHT_Longitude_BeaconTop.fx",
      "size": 2382,
      "date": 132565240920000000
    },
    {
      "path": "Effects/LIGHT_Longitude_BeaconTopLeft.fx",
      "size": 2370,
      "date": 132565241080000000
    },
    {
      "path": "Effects/LIGHT_Longitude_BeaconTopRight.fx",
      "size": 2370,
      "date": 132565241220000000
    },
    {
      "path": "Effects/LIGHT_Longitude_LandingBelly.fx",
      "size": 1233,
      "date": 132565049660000000
    },
    {
      "path": "Effects/LIGHT_Longitude_LogoLight.fx",
      "size": 1277,
      "date": 132565049660000000
    },
    {
      "path": "Effects/LIGHT_Longitude_NavigationGreen.fx",
      "size": 1158,
      "date": 132565049660000000
    },
    {
      "path": "Effects/LIGHT_Longitude_NavigationRed.fx",
      "size": 1155,
      "date": 132565049660000000
    },
    {
      "path": "Effects/LIGHT_Longitude_NavigationWhite.fx",
      "size": 1353,
      "date": 132565049660000000
    },
    {
      "path": "Effects/LIGHT_Longitude_StrobeSimple.fx",
      "size": 4716,
      "date": 132565049660000000
    },
    {
      "path": "Effects/LIGHT_Longitude_Taxi.fx",
      "size": 1288,
      "date": 132565049660000000
    },
    {
      "path": "Effects/LIGHT_Longitude_vLandingBelly.fx",
      "size": 1229,
      "date": 132565049660000000
    },
    {
      "path": "Effects/texture/FX_ulm-strobe01.PNG.dds",
      "size": 87556,
      "date": 132565049660000000
    },
    {
      "path": "Effects/texture/fx_ulm-strobe01.png.DDS.FLAGS",
      "size": 21,
      "date": 132565049660000000
    },
    {
      "path": "Effects/texture/FX_ulm-strobe01.PNG.DDS.json",
      "size": 144,
      "date": 132565049660000000
    },
    {
      "path": "SimObjects/Airplanes/Asobo_Longitude/systems.cfg",
      "size": 17412,
      "date": 133234996323986090
    }
  ]
}