{
  "content": [
	{
	  "path": "Effects/LIGHT_TBM_Landing.fx",
	  "size": 1230,
	  "date": 1599689586371
	},
	{
	  "path": "Effects/LIGHT_TBM_NavigationGreen.fx",
	  "size": 1230,
	  "date": 1599434142438
	},
	{
	  "path": "Effects/LIGHT_TBM_NavigationRed.fx",
	  "size": 1227,
	  "date": 1599434144532
	},
	{
	  "path": "Effects/LIGHT_TBM_StrobeSimple.fx",
	  "size": 1233,
	  "date": 1599690896130
	},
	{
	  "path": "Effects/LIGHT_TBM_Taxi.fx",
	  "size": 1279,
	  "date": 1599407386268
	},
	{
	  "path": "Effects/LIGHT_TBM_TBM930_Pulse.fx",
	  "size": 1345,
	  "date": 1599601300519
	},
	{
	  "path": "SimObjects/Airplanes/Asobo_TBM930/systems.cfg",
	  "size": 8644,
	  "date": 1599690990045
	}
  ]
}
