{
  "content": [
    {
      "path": "de-DE.locPak",
      "size": 1641,
      "date": 133087008529903204
    },
    {
      "path": "en-US.locPak",
      "size": 1390,
      "date": 133087008529903204
    },
    {
      "path": "es-ES.locPak",
      "size": 1529,
      "date": 133087008529913179
    },
    {
      "path": "es-MX.locPak",
      "size": 1530,
      "date": 133087008529913179
    },
    {
      "path": "fi-FI.locPak",
      "size": 1451,
      "date": 133087008529913179
    },
    {
      "path": "fr-FR.locPak",
      "size": 1557,
      "date": 133087008529923153
    },
    {
      "path": "it-IT.locPak",
      "size": 1555,
      "date": 133087008529923153
    },
    {
      "path": "ja-JP.locPak",
      "size": 1859,
      "date": 133087008529923153
    },
    {
      "path": "nb-NO.locPak",
      "size": 1443,
      "date": 133087008529933124
    },
    {
      "path": "nl-NL.locPak",
      "size": 1610,
      "date": 133087008529933124
    },
    {
      "path": "pl-PL.locPak",
      "size": 1452,
      "date": 133087008529933124
    },
    {
      "path": "pt-BR.locPak",
      "size": 1451,
      "date": 133087008529943098
    },
    {
      "path": "pt-PT.locPak",
      "size": 1459,
      "date": 133087008529943098
    },
    {
      "path": "ru-RU.locPak",
      "size": 2370,
      "date": 133087008529943098
    },
    {
      "path": "sv-SE.locPak",
      "size": 1533,
      "date": 133087008546924247
    },
    {
      "path": "zh-CN.locPak",
      "size": 1306,
      "date": 133087008546924247
    },
    {
      "path": "Effects/LIGHT_C172_BeaconTop.fx",
      "size": 3507,
      "date": 132461014956115879
    },
    {
      "path": "Effects/LIGHT_C172_Landing.fx",
      "size": 1159,
      "date": 132462645868411712
    },
    {
      "path": "Effects/LIGHT_C172_NavigationGreen.fx",
      "size": 1158,
      "date": 132461014955965030
    },
    {
      "path": "Effects/LIGHT_C172_NavigationRed.fx",
      "size": 1155,
      "date": 132461014955994946
    },
    {
      "path": "Effects/LIGHT_C172_NavigationWhite.fx",
      "size": 1353,
      "date": 132461769230083964
    },
    {
      "path": "Effects/LIGHT_C172_StrobeSimple.fx",
      "size": 4432,
      "date": 132754530442501161
    },
    {
      "path": "Effects/LIGHT_C172_Taxi.fx",
      "size": 1207,
      "date": 132481301658587796
    },
    {
      "path": "Effects/LIGHT_C172_vLanding.fx",
      "size": 1156,
      "date": 132481302380814517
    },
    {
      "path": "Effects/LIGHT_C172_vTaxi.fx",
      "size": 1207,
      "date": 132481301950641720
    },
    {
      "path": "Effects/texture/FX_ulmSTR01.PNG.dds",
      "size": 87556,
      "date": 132461719108903891
    },
    {
      "path": "Effects/texture/fx_ulmSTR01.png.DDS.FLAGS",
      "size": 21,
      "date": 132447569545285976
    },
    {
      "path": "Effects/texture/FX_ulmSTR01.PNG.DDS.json",
      "size": 144,
      "date": 132447569545285976
    },
    {
      "path": "SimObjects/Airplanes/Asobo_C172sp_classic/systems.cfg",
      "size": 11963,
      "date": 133124907113381340
    },
    {
      "path": "SimObjects/Airplanes/Asobo_C172SP_Classic_Floats/systems.cfg",
      "size": 12056,
      "date": 133124907288269220
    },
    {
      "path": "SimObjects/Airplanes/Asobo_C172SP_Classic_Skis/systems.cfg",
      "size": 13867,
      "date": 133124907530749954
    }
  ]
}