{
  "content": [
	{
	  "path": "Effects/LIGHT_KingAir_Landing.fx",
	  "size": 1230,
	  "date": 1599944778866
	},
	{
	  "path": "Effects/LIGHT_KingAir_LandingPulse.fx",
	  "size": 1223,
	  "date": 1599931730048
	},
	{
	  "path": "Effects/LIGHT_KingAir_NavigationGreen.fx",
	  "size": 1230,
	  "date": 1599434142438
	},
	{
	  "path": "Effects/LIGHT_KingAir_NavigationRed.fx",
	  "size": 1227,
	  "date": 1599434144532
	},
	{
	  "path": "Effects/LIGHT_KingAir_StrobeSimple.fx",
	  "size": 1233,
	  "date": 1599943847775
	},
	{
	  "path": "Effects/LIGHT_KingAir_Taxi.fx",
	  "size": 1280,
	  "date": 1599943882356
	},
	{
	  "path": "SimObjects/Airplanes/Asobo_KingAir350/systems.cfg",
	  "size": 15483,
	  "date": 1599945466297
	}
  ]
}
