{
  "content": [
	{
	  "path": "Effects/LIGHT_CJ4_BeaconTop.fx",
	  "size": 1221,
	  "date": 1601602695647
	},
	{
	  "path": "Effects/LIGHT_CJ4_Landing.fx",
	  "size": 1232,
	  "date": 1601765786889
	},
	{
	  "path": "Effects/LIGHT_CJ4_NavigationGreen.fx",
	  "size": 1158,
	  "date": 1601602695597
	},
	{
	  "path": "Effects/LIGHT_CJ4_NavigationRed.fx",
	  "size": 1155,
	  "date": 1601602695599
	},
	{
	  "path": "Effects/LIGHT_CJ4_NavigationWhite.fx",
	  "size": 1353,
	  "date": 1601678123008
	},
	{
	  "path": "Effects/LIGHT_CJ4_StrobeSimple.fx",
	  "size": 4700,
	  "date": 1601844335621
	},
	{
	  "path": "Effects/LIGHT_CJ4_TaxiBelly.fx",
	  "size": 1287,
	  "date": 1601765786894
	},
	{
	  "path": "Effects/texture/FX_ulm01.PNG.dds",
	  "size": 87556,
	  "date": 1601171156951
	},
	{
	  "path": "Effects/texture/fx_ulm01.png.DDS.FLAGS",
	  "size": 21,
	  "date": 1600258154529
	},
	{
	  "path": "Effects/texture/FX_ulm01.PNG.DDS.json",
	  "size": 144,
	  "date": 1600258154529
	},
	{
	  "path": "Effects/texture/FX_ulm02.PNG.dds",
	  "size": 87556,
	  "date": 1601079500645
	},
	{
	  "path": "Effects/texture/fx_ulm02.png.DDS.FLAGS",
	  "size": 21,
	  "date": 1600258154529
	},
	{
	  "path": "Effects/texture/FX_ulm02.PNG.DDS.json",
	  "size": 144,
	  "date": 1600258154529
	},
	{
	  "path": "Effects/texture/FX_ulm03.PNG.dds",
	  "size": 87556,
	  "date": 1601673110890
	},
	{
	  "path": "Effects/texture/fx_ulm03.png.DDS.FLAGS",
	  "size": 21,
	  "date": 1600258154529
	},
	{
	  "path": "Effects/texture/FX_ulm03.PNG.DDS.json",
	  "size": 144,
	  "date": 1600258154529
	},
	{
	  "path": "Effects/texture/FX_ulm04.PNG.DDS",
	  "size": 87556,
	  "date": 1601378846661
	},
	{
	  "path": "Effects/texture/fx_ulm04.png.DDS.FLAGS",
	  "size": 21,
	  "date": 1600258154529
	},
	{
	  "path": "Effects/texture/FX_ulm04.PNG.DDS.json",
	  "size": 144,
	  "date": 1600258154529
	},
	{
	  "path": "SimObjects/Airplanes/Asobo_CJ4/systems.cfg",
	  "size": 12427,
	  "date": 1601839351548
	}
  ]
}
