{
  "content": [
	{
	  "path": "Effects/LIGHT_ASOBO_Landing.fx",
	  "size": 1230,
	  "date": 1599425368089
	},
	{
	  "path": "Effects/LIGHT_ASOBO_NavigationGreen.fx",
	  "size": 1230,
	  "date": 1599434142438
	},
	{
	  "path": "Effects/LIGHT_ASOBO_NavigationRed.fx",
	  "size": 1227,
	  "date": 1599434144532
	},
	{
	  "path": "Effects/LIGHT_ASOBO_StrobeSimple.fx",
	  "size": 1227,
	  "date": 1599428275459
	},
	{
	  "path": "Effects/LIGHT_ASOBO_Taxi.fx",
	  "size": 1279,
	  "date": 1599407386268
	},
	{
	  "path": "SimObjects/Airplanes/asobo-aircraft-tbm930/systems.cfg",
	  "size": 8674,
	  "date": 1599426167160
	}
  ]
}
