{
  "content": [
	{
	  "path": "Effects/LIGHT_DA40_Landing.fx",
	  "size": 1158,
	  "date": 1600284712999
	},
	{
	  "path": "Effects/LIGHT_DA40_NavigationGreen.fx",
	  "size": 1158,
	  "date": 1599935016000
	},
	{
	  "path": "Effects/LIGHT_DA40_NavigationRed.fx",
	  "size": 1155,
	  "date": 1600285981614
	},
	{
	  "path": "Effects/LIGHT_DA40_StrobeSimple.fx",
	  "size": 1161,
	  "date": 1599935016000
	},
	{
	  "path": "Effects/LIGHT_DA40_Taxi.fx",
	  "size": 1207,
	  "date": 1600284746077
	},
	{
	  "path": "SimObjects/Airplanes/Asobo_DA40_NG/systems.cfg",
	  "size": 10976,
	  "date": 1600296292571
	}
  ]
}
