{
  "content": [
    {
      "path": "de-DE.locPak",
      "size": 1831,
      "date": 133087009824874104
    },
    {
      "path": "en-US.locPak",
      "size": 1572,
      "date": 133087009824884078
    },
    {
      "path": "es-ES.locPak",
      "size": 1754,
      "date": 133087009824884078
    },
    {
      "path": "es-MX.locPak",
      "size": 1742,
      "date": 133087009824884078
    },
    {
      "path": "fi-FI.locPak",
      "size": 1769,
      "date": 133087009824884078
    },
    {
      "path": "fr-FR.locPak",
      "size": 1788,
      "date": 133087009824894048
    },
    {
      "path": "it-IT.locPak",
      "size": 1785,
      "date": 133087009824894048
    },
    {
      "path": "ja-JP.locPak",
      "size": 1969,
      "date": 133087009824894048
    },
    {
      "path": "nb-NO.locPak",
      "size": 1550,
      "date": 133087009824904022
    },
    {
      "path": "nl-NL.locPak",
      "size": 1683,
      "date": 133087009824904022
    },
    {
      "path": "pl-PL.locPak",
      "size": 1750,
      "date": 133087009824904022
    },
    {
      "path": "pt-BR.locPak",
      "size": 1665,
      "date": 133087009824913994
    },
    {
      "path": "pt-PT.locPak",
      "size": 1724,
      "date": 133087009824913994
    },
    {
      "path": "ru-RU.locPak",
      "size": 3094,
      "date": 133087009824913994
    },
    {
      "path": "sv-SE.locPak",
      "size": 1668,
      "date": 133087009840637043
    },
    {
      "path": "zh-CN.locPak",
      "size": 1320,
      "date": 133087009840637043
    },
    {
      "path": "Effects/LIGHT_B787_BeaconBellyOmni.fx",
      "size": 4657,
      "date": 132461492255586127
    },
    {
      "path": "Effects/LIGHT_B787_BeaconTop.fx",
      "size": 4642,
      "date": 132461491914169868
    },
    {
      "path": "Effects/LIGHT_B787_LandingLarge.fx",
      "size": 1282,
      "date": 132467864048078560
    },
    {
      "path": "Effects/LIGHT_B787_LogoLightLarge.fx",
      "size": 1277,
      "date": 132467868790035451
    },
    {
      "path": "Effects/LIGHT_B787_NavigationGreen.fx",
      "size": 1157,
      "date": 132461487925601311
    },
    {
      "path": "Effects/LIGHT_B787_NavigationRed.fx",
      "size": 1154,
      "date": 132693905285187731
    },
    {
      "path": "Effects/LIGHT_B787_NavigationWhite.fx",
      "size": 1357,
      "date": 132461496533975457
    },
    {
      "path": "Effects/LIGHT_B787_RwTurnoff.fx",
      "size": 1279,
      "date": 132465250484622178
    },
    {
      "path": "Effects/LIGHT_B787_StrobeSimple.fx",
      "size": 2242,
      "date": 133125039059934460
    },
    {
      "path": "Effects/LIGHT_B787_StrobeTail.fx",
      "size": 4429,
      "date": 132467845612620818
    },
    {
      "path": "Effects/LIGHT_B787_TaxiLarge.fx",
      "size": 1278,
      "date": 133125086498252934
    },
    {
      "path": "Effects/LIGHT_B787_vLandingLarge.fx",
      "size": 1279,
      "date": 132491988919827163
    },
    {
      "path": "Effects/LIGHT_B787_vTaxiLarge.fx",
      "size": 1275,
      "date": 132491997163032817
    },
    {
      "path": "Effects/LIGHT_B787_WingLarge.fx",
      "size": 1284,
      "date": 132491975137898031
    },
    {
      "path": "Effects/xLIGHT_B787_BeaconTop.fx",
      "size": 4642,
      "date": 132461491914169868
    },
    {
      "path": "Effects/texture/FX_ulm01.PNG.dds",
      "size": 87556,
      "date": 132456699569509610
    },
    {
      "path": "Effects/texture/fx_ulm01.png.DDS.FLAGS",
      "size": 21,
      "date": 132447569545285976
    },
    {
      "path": "Effects/texture/FX_ulm01.PNG.DDS.json",
      "size": 144,
      "date": 132447569545285976
    },
    {
      "path": "Effects/texture/FX_ulm02.PNG.dds",
      "size": 87556,
      "date": 132455783006451887
    },
    {
      "path": "Effects/texture/fx_ulm02.png.DDS.FLAGS",
      "size": 21,
      "date": 132447569545285976
    },
    {
      "path": "Effects/texture/FX_ulm02.PNG.DDS.json",
      "size": 144,
      "date": 132447569545285976
    },
    {
      "path": "Effects/texture/FX_ulm03.PNG.dds",
      "size": 87556,
      "date": 132461719108903891
    },
    {
      "path": "Effects/texture/fx_ulm03.png.DDS.FLAGS",
      "size": 21,
      "date": 132447569545285976
    },
    {
      "path": "Effects/texture/FX_ulm03.PNG.DDS.json",
      "size": 144,
      "date": 132447569545285976
    },
    {
      "path": "Effects/texture/FX_ulm04.PNG.DDS",
      "size": 87556,
      "date": 132458776466613442
    },
    {
      "path": "Effects/texture/fx_ulm04.png.DDS.FLAGS",
      "size": 21,
      "date": 132447569545285976
    },
    {
      "path": "Effects/texture/FX_ulm04.PNG.DDS.json",
      "size": 144,
      "date": 132447569545285976
    },
    {
      "path": "SimObjects/Airplanes/Asobo_B787_10/systems.cfg",
      "size": 19942,
      "date": 133125121075910036
    }
  ]
}