{
  "content": [
    {
      "path": "de-DE.locPak",
      "size": 2279,
      "date": 132495041479727946
    },
    {
      "path": "en-US.locPak",
      "size": 1801,
      "date": 132495041479727946
    },
    {
      "path": "es-ES.locPak",
      "size": 2075,
      "date": 132495041479727946
    },
    {
      "path": "fr-FR.locPak",
      "size": 2030,
      "date": 132495041479727946
    },
    {
      "path": "it-IT.locPak",
      "size": 1998,
      "date": 132495041479738184
    },
    {
      "path": "pl-PL.locPak",
      "size": 2187,
      "date": 132495041479747880
    },
    {
      "path": "pt-BR.locPak",
      "size": 2004,
      "date": 132495041479747880
    },
    {
      "path": "ru-RU.locPak",
      "size": 2966,
      "date": 132495041501489051
    },
    {
      "path": "zh-CN.locPak",
      "size": 1775,
      "date": 132495041498984548
    },
    {
      "path": "Effects/LIGHT_A320_BeaconBellyOmni.fx",
      "size": 4647,
      "date": 132463447779967899
    },
    {
      "path": "Effects/LIGHT_A320_BeaconTop.fx",
      "size": 4647,
      "date": 132463447911367646
    },
    {
      "path": "Effects/LIGHT_A320_LandingLarge.fx",
      "size": 1282,
      "date": 132461014955566099
    },
    {
      "path": "Effects/LIGHT_A320_LogoLight.fx",
      "size": 1276,
      "date": 132491221001664821
    },
    {
      "path": "Effects/LIGHT_A320_NavigationGreen.fx",
      "size": 1157,
      "date": 132462436576366600
    },
    {
      "path": "Effects/LIGHT_A320_NavigationRed.fx",
      "size": 1154,
      "date": 132462431556816711
    },
    {
      "path": "Effects/LIGHT_A320_NavigationWhite.fx",
      "size": 2509,
      "date": 132462431483411183
    },
    {
      "path": "Effects/LIGHT_A320_RwTurnoff.fx",
      "size": 1282,
      "date": 132461014955715691
    },
    {
      "path": "Effects/LIGHT_A320_StrobeDouble.fx",
      "size": 10096,
      "date": 132463440201681585
    },
    {
      "path": "Effects/LIGHT_A320_StrobeTail.fx",
      "size": 4430,
      "date": 132463441132998587
    },
    {
      "path": "Effects/LIGHT_A320_TaxiLarge.fx",
      "size": 1280,
      "date": 132461014955815432
    },
    {
      "path": "Effects/LIGHT_A320_TaxiTakeoff.fx",
      "size": 1278,
      "date": 132461014955845344
    },
    {
      "path": "Effects/LIGHT_A320_vLandingLarge.fx",
      "size": 1279,
      "date": 132491240670471415
    },
    {
      "path": "Effects/LIGHT_A320_vTaxiLarge.fx",
      "size": 1277,
      "date": 132491240523977920
    },
    {
      "path": "Effects/LIGHT_A320_vTaxiTakeoff.fx",
      "size": 1276,
      "date": 132491240496565919
    },
    {
      "path": "Effects/LIGHT_A320_WingLarge.fx",
      "size": 1292,
      "date": 132491226185319584
    },
    {
      "path": "Effects/texture/FX_ulm01.PNG.dds",
      "size": 87556,
      "date": 132456699569509610
    },
    {
      "path": "Effects/texture/fx_ulm01.png.DDS.FLAGS",
      "size": 21,
      "date": 132447569545285976
    },
    {
      "path": "Effects/texture/FX_ulm01.PNG.DDS.json",
      "size": 144,
      "date": 132447569545285976
    },
    {
      "path": "Effects/texture/FX_ulm02.PNG.dds",
      "size": 87556,
      "date": 132455783006451887
    },
    {
      "path": "Effects/texture/fx_ulm02.png.DDS.FLAGS",
      "size": 21,
      "date": 132447569545285976
    },
    {
      "path": "Effects/texture/FX_ulm02.PNG.DDS.json",
      "size": 144,
      "date": 132447569545285976
    },
    {
      "path": "Effects/texture/FX_ulm03.PNG.dds",
      "size": 87556,
      "date": 132461719108903891
    },
    {
      "path": "Effects/texture/fx_ulm03.png.DDS.FLAGS",
      "size": 21,
      "date": 132447569545285976
    },
    {
      "path": "Effects/texture/FX_ulm03.PNG.DDS.json",
      "size": 144,
      "date": 132447569545285976
    },
    {
      "path": "Effects/texture/FX_ulm04.PNG.DDS",
      "size": 87556,
      "date": 132458776466613442
    },
    {
      "path": "Effects/texture/fx_ulm04.png.DDS.FLAGS",
      "size": 21,
      "date": 132447569545285976
    },
    {
      "path": "Effects/texture/FX_ulm04.PNG.DDS.json",
      "size": 144,
      "date": 132447569545285976
    },
    {
      "path": "SimObjects/Airplanes/Asobo_A320_NEO/systems.cfg",
      "size": 18658,
      "date": 133125125442290209
    }
  ]
}