{
  "content": [
	{
	  "path": "Effects/LIGHT_G36_Landing.fx",
	  "size": 1230,
	  "date": 1599944778866
	},
	{
	  "path": "Effects/LIGHT_G36_NavigationGreen.fx",
	  "size": 1230,
	  "date": 1599434142438
	},
	{
	  "path": "Effects/LIGHT_G36_NavigationRed.fx",
	  "size": 1227,
	  "date": 1599434144532
	},
	{
	  "path": "Effects/LIGHT_G36_StrobeSimple.fx",
	  "size": 1233,
	  "date": 1599943847775
	},
	{
	  "path": "Effects/LIGHT_G36_Taxi.fx",
	  "size": 1280,
	  "date": 1599943882356
	},
	{
	  "path": "SimObjects/Airplanes/Asobo_Bonanza_G36/systems.cfg",
	  "size": 15483,
	  "date": 1599945466297
	}
  ]
}
