{
  "content": [
	{
	  "path": "Effects/LIGHT_A320_BeaconBellyOmni.fx",
	  "size": 4647,
	  "date": 1601845977997
	},
	{
	  "path": "Effects/LIGHT_A320_BeaconTop.fx",
	  "size": 4647,
	  "date": 1601845991137
	},
	{
	  "path": "Effects/LIGHT_A320_LandingLarge.fx",
	  "size": 1282,
	  "date": 1601602695557
	},
	{
	  "path": "Effects/LIGHT_A320_LogoLight.fx",
	  "size": 1276,
	  "date": 1601602695560
	},
	{
	  "path": "Effects/LIGHT_A320_NavigationGreen.fx",
	  "size": 1157,
	  "date": 1601744857637
	},
	{
	  "path": "Effects/LIGHT_A320_NavigationRed.fx",
	  "size": 1154,
	  "date": 1601744355682
	},
	{
	  "path": "Effects/LIGHT_A320_NavigationWhite.fx",
	  "size": 2509,
	  "date": 1601744348341
	},
	{
	  "path": "Effects/LIGHT_A320_RwTurnoff.fx",
	  "size": 1282,
	  "date": 1601602695572
	},
	{
	  "path": "Effects/LIGHT_A320_StrobeDouble.fx",
	  "size": 10096,
	  "date": 1601845220168
	},
	{
	  "path": "Effects/LIGHT_A320_StrobeTail.fx",
	  "size": 4430,
	  "date": 1601845313300
	},
	{
	  "path": "Effects/LIGHT_A320_TaxiLarge.fx",
	  "size": 1280,
	  "date": 1601602695582
	},
	{
	  "path": "Effects/LIGHT_A320_TaxiTakeoff.fx",
	  "size": 1278,
	  "date": 1601602695585
	},
	{
	  "path": "Effects/LIGHT_A320_WingLarge.fx",
	  "size": 1292,
	  "date": 1601602695588
	},
	{
	  "path": "Effects/texture/FX_ulm01.PNG.dds",
	  "size": 87556,
	  "date": 1601171156951
	},
	{
	  "path": "Effects/texture/fx_ulm01.png.DDS.FLAGS",
	  "size": 21,
	  "date": 1600258154529
	},
	{
	  "path": "Effects/texture/FX_ulm01.PNG.DDS.json",
	  "size": 144,
	  "date": 1600258154529
	},
	{
	  "path": "Effects/texture/FX_ulm02.PNG.dds",
	  "size": 87556,
	  "date": 1601079500645
	},
	{
	  "path": "Effects/texture/fx_ulm02.png.DDS.FLAGS",
	  "size": 21,
	  "date": 1600258154529
	},
	{
	  "path": "Effects/texture/FX_ulm02.PNG.DDS.json",
	  "size": 144,
	  "date": 1600258154529
	},
	{
	  "path": "Effects/texture/FX_ulm03.PNG.dds",
	  "size": 87556,
	  "date": 1601673110890
	},
	{
	  "path": "Effects/texture/fx_ulm03.png.DDS.FLAGS",
	  "size": 21,
	  "date": 1600258154529
	},
	{
	  "path": "Effects/texture/FX_ulm03.PNG.DDS.json",
	  "size": 144,
	  "date": 1600258154529
	},
	{
	  "path": "Effects/texture/FX_ulm04.PNG.DDS",
	  "size": 87556,
	  "date": 1601378846661
	},
	{
	  "path": "Effects/texture/fx_ulm04.png.DDS.FLAGS",
	  "size": 21,
	  "date": 1600258154529
	},
	{
	  "path": "Effects/texture/FX_ulm04.PNG.DDS.json",
	  "size": 144,
	  "date": 1600258154529
	},
	{
	  "path": "SimObjects/Airplanes/Asobo_A320_NEO/systems.cfg",
	  "size": 17490,
	  "date": 1601846560019
	}
  ]
}
