{
  "content": [
	{
	  "path": "Effects/LIGHT_FA18_Landing.fx",
	  "size": 1162,
	  "date": 1638999480547
	},
	{
	  "path": "Effects/LIGHT_FA18_NavigationGreen.fx",
	  "size": 1157,
	  "date": 1638999517800
	},
	{
	  "path": "Effects/LIGHT_FA18_NavigationRed.fx",
	  "size": 1154,
	  "date": 1639345094507
	},
	{
	  "path": "Effects/LIGHT_FA18_NavigationWhite.fx",
	  "size": 1163,
	  "date": 1638999465491
	},
	{
	  "path": "Effects/LIGHT_FA18_StrobeSimple.fx",
	  "size": 13821,
	  "date": 1639500726067
	},
	{
	  "path": "Effects/LIGHT_FA18_Taxi.fx",
	  "size": 1271,
	  "date": 1639521462868
	},
	{
	  "path": "Effects/LIGHT_FA18_vLanding.fx",
	  "size": 1160,
	  "date": 1639521572276
	},
	{
	  "path": "Effects/texture/FX_ulm03.PNG.dds",
	  "size": 87556,
	  "date": 1601673110890
	},
	{
	  "path": "Effects/texture/fx_ulm03.png.DDS.FLAGS",
	  "size": 21,
	  "date": 1600258154529
	},
	{
	  "path": "Effects/texture/FX_ulm03.PNG.DDS.json",
	  "size": 144,
	  "date": 1600258154529
	},
	{
	  "path": "SimObjects/Airplanes/Asobo_FA18E/systems.cfg",
	  "size": 17177,
	  "date": 1639499278690
	}
  ]
}
