{
  "content": [
	{
	  "path": "Effects/LIGHT_C172g_BeaconTop.fx",
	  "size": 1220,
	  "date": 1600640265266
	},
	{
	  "path": "Effects/LIGHT_C172g_Landing.fx",
	  "size": 1155,
	  "date": 1600638781737
	},
	{
	  "path": "Effects/LIGHT_C172g_NavigationGreen.fx",
	  "size": 1158,
	  "date": 1600640490123
	},
	{
	  "path": "Effects/LIGHT_C172g_NavigationRed.fx",
	  "size": 1155,
	  "date": 1600640482353
	},
	{
	  "path": "Effects/LIGHT_C172g_StrobeSimple.fx",
	  "size": 1157,
	  "date": 1600637824038
	},
	{
	  "path": "Effects/LIGHT_C172g_Taxi.fx",
	  "size": 1202,
	  "date": 1600638280189
	},
	{
	  "path": "Effects/LIGHT_C208_Landing.fx",
	  "size": 1158,
	  "date": 1600122973497
	},
	{
	  "path": "Effects/LIGHT_C208_NavigationGreen.fx",
	  "size": 1159,
	  "date": 1600643925562
	},
	{
	  "path": "Effects/LIGHT_C208_NavigationRed.fx",
	  "size": 1156,
	  "date": 1600643913954
	},
	{
	  "path": "Effects/LIGHT_C208_StrobeSimple.fx",
	  "size": 1157,
	  "date": 1600616959945
	},
	{
	  "path": "Effects/LIGHT_C208_Taxi.fx",
	  "size": 1206,
	  "date": 1600124211707
	},
	{
	  "path": "Effects/LIGHT_CJ4_BeaconTop.fx",
	  "size": 1219,
	  "date": 1599587341619
	},
	{
	  "path": "Effects/LIGHT_CJ4_Landing.fx",
	  "size": 1230,
	  "date": 1599520121317
	},
	{
	  "path": "Effects/LIGHT_CJ4_NavigationGreen.fx",
	  "size": 1230,
	  "date": 1599587301010
	},
	{
	  "path": "Effects/LIGHT_CJ4_NavigationRed.fx",
	  "size": 1227,
	  "date": 1599434144532
	},
	{
	  "path": "Effects/LIGHT_CJ4_StrobeSimple.fx",
	  "size": 1227,
	  "date": 1599521192661
	},
	{
	  "path": "Effects/LIGHT_DA40_Landing.fx",
	  "size": 1158,
	  "date": 1600301313923
	},
	{
	  "path": "Effects/LIGHT_DA40_NavigationGreen.fx",
	  "size": 1158,
	  "date": 1600433544761
	},
	{
	  "path": "Effects/LIGHT_DA40_NavigationRed.fx",
	  "size": 1155,
	  "date": 1600433533852
	},
	{
	  "path": "Effects/LIGHT_DA40_StrobeSimple.fx",
	  "size": 1163,
	  "date": 1600432926571
	},
	{
	  "path": "Effects/LIGHT_DA40_Taxi.fx",
	  "size": 1206,
	  "date": 1600460519546
	},
	{
	  "path": "Effects/LIGHT_DA62_LandingBelly.fx",
	  "size": 1230,
	  "date": 1600437470663
	},
	{
	  "path": "Effects/LIGHT_DA62_NavigationGreen.fx",
	  "size": 1158,
	  "date": 1600460594804
	},
	{
	  "path": "Effects/LIGHT_DA62_NavigationRed.fx",
	  "size": 1155,
	  "date": 1600460583292
	},
	{
	  "path": "Effects/LIGHT_DA62_StrobeSimple.fx",
	  "size": 1163,
	  "date": 1600432926571
	},
	{
	  "path": "Effects/LIGHT_DA62_TaxiBelly.fx",
	  "size": 1280,
	  "date": 1600460550419
	},
	{
	  "path": "Effects/LIGHT_G36_Landing.fx",
	  "size": 1157,
	  "date": 1600022490927
	},
	{
	  "path": "Effects/LIGHT_G36_NavigationGreen.fx",
	  "size": 1158,
	  "date": 1599935016000
	},
	{
	  "path": "Effects/LIGHT_G36_NavigationRed.fx",
	  "size": 1155,
	  "date": 1599935016000
	},
	{
	  "path": "Effects/LIGHT_G36_StrobeSimple.fx",
	  "size": 1161,
	  "date": 1599935016000
	},
	{
	  "path": "Effects/LIGHT_G36_Taxi.fx",
	  "size": 1207,
	  "date": 1600036246031
	},
	{
	  "path": "Effects/LIGHT_KingAir_Landing.fx",
	  "size": 1230,
	  "date": 1599944778866
	},
	{
	  "path": "Effects/LIGHT_KingAir_LandingPulse.fx",
	  "size": 1223,
	  "date": 1599931730048
	},
	{
	  "path": "Effects/LIGHT_KingAir_NavigationGreen.fx",
	  "size": 1230,
	  "date": 1599434142438
	},
	{
	  "path": "Effects/LIGHT_KingAir_NavigationRed.fx",
	  "size": 1227,
	  "date": 1599434144532
	},
	{
	  "path": "Effects/LIGHT_KingAir_StrobeSimple.fx",
	  "size": 1233,
	  "date": 1599943847775
	},
	{
	  "path": "Effects/LIGHT_KingAir_Taxi.fx",
	  "size": 1280,
	  "date": 1599943882356
	},
	{
	  "path": "Effects/LIGHT_TBM_Landing.fx",
	  "size": 1230,
	  "date": 1599689586371
	},
	{
	  "path": "Effects/LIGHT_TBM_NavigationGreen.fx",
	  "size": 1230,
	  "date": 1600463759421
	},
	{
	  "path": "Effects/LIGHT_TBM_NavigationRed.fx",
	  "size": 1227,
	  "date": 1600463745801
	},
	{
	  "path": "Effects/LIGHT_TBM_StrobeSimple.fx",
	  "size": 1229,
	  "date": 1600634339971
	},
	{
	  "path": "Effects/LIGHT_TBM_Taxi.fx",
	  "size": 1279,
	  "date": 1599407386268
	},
	{
	  "path": "Effects/LIGHT_TBM_TBM930_Pulse.fx",
	  "size": 1345,
	  "date": 1599601300519
	},
	{
	  "path": "SimObjects/Airplanes/Asobo_208B_GRAND_CARAVAN_EX/systems.cfg",
	  "size": 15376,
	  "date": 1600615761996
	},
	{
	  "path": "SimObjects/Airplanes/Asobo_Bonanza_G36/systems.cfg",
	  "size": 11416,
	  "date": 1600036644755
	},
	{
	  "path": "SimObjects/Airplanes/Asobo_C172sp_AS1000/systems.cfg",
	  "size": 10281,
	  "date": 1600641290103
	},
	{
	  "path": "SimObjects/Airplanes/Asobo_CJ4/systems.cfg",
	  "size": 12429,
	  "date": 1599600823547
	},
	{
	  "path": "SimObjects/Airplanes/Asobo_DA40_NG/systems.cfg",
	  "size": 10963,
	  "date": 1600433919834
	},
	{
	  "path": "SimObjects/Airplanes/Asobo_DA62/systems.cfg",
	  "size": 11597,
	  "date": 1600460187183
	},
	{
	  "path": "SimObjects/Airplanes/Asobo_KingAir350/systems.cfg",
	  "size": 15488,
	  "date": 1600127201863
	},
	{
	  "path": "SimObjects/Airplanes/Asobo_TBM930/systems.cfg",
	  "size": 8220,
	  "date": 1600643721666
	}
  ]
}
