{
  "content": [
	{
	  "path": "Effects/LIGHT_XCub_Landing.fx",
	  "size": 1159,
	  "date": 1601765787027
	},
	{
	  "path": "Effects/LIGHT_XCub_LandingPulse.fx",
	  "size": 1224,
	  "date": 1630782210185
	},
	{
	  "path": "Effects/LIGHT_XCub_NavigationGreen.fx",
	  "size": 1158,
	  "date": 1601602695597
	},
	{
	  "path": "Effects/LIGHT_XCub_NavigationRed.fx",
	  "size": 1155,
	  "date": 1601602695599
	},
	{
	  "path": "Effects/LIGHT_XCub_NavigationWhite.fx",
	  "size": 1353,
	  "date": 1601678123008
	},
	{
	  "path": "Effects/LIGHT_XCub_StrobeDouble.fx",
	  "size": 10132,
	  "date": 1630860515477
	},
	{
	  "path": "Effects/LIGHT_XCub_Taxi.fx",
	  "size": 1208,
	  "date": 1630782007620
	},
	{
	  "path": "Effects/LIGHT_XCub_vLanding.fx",
	  "size": 1156,
	  "date": 1604871859273
	},
	{
	  "path": "Effects/LIGHT_XCub_vTaxi.fx",
	  "size": 1207,
	  "date": 1630782023144
	},
	{
	  "path": "Effects/texture/FX_ulmSTR01.PNG.dds",
	  "size": 87556,
	  "date": 1601673110890
	},
	{
	  "path": "Effects/texture/fx_ulmSTR01.png.DDS.FLAGS",
	  "size": 21,
	  "date": 1600258154529
	},
	{
	  "path": "Effects/texture/FX_ulmSTR01.PNG.DDS.json",
	  "size": 144,
	  "date": 1600258154529
	},
	{
	  "path": "SimObjects/Airplanes/Asobo_XCub/systems.cfg",
	  "size": 7696,
	  "date": 1630776555048
	},
	{
 	  "path": "SimObjects/Airplanes/Asobo_XCub_Floats/systems.cfg",
      	  "size": 7273,
  	  "date": 132681506530000000
	},
	{
 	  "path": "SimObjects/Airplanes/Asobo_XCub_Skis/systems.cfg",
      	  "size": 7549,
          "date": 132681507200000000
	}
  ]
}
