{
  "content": [
	{
	  "path": "Effects/LIGHT_DA62_LandingBelly.fx",
	  "size": 1158,
	  "date": 1600284712999
	},
	{
	  "path": "Effects/LIGHT_DA62_NavigationGreen.fx",
	  "size": 1158,
	  "date": 1599935016000
	},
	{
	  "path": "Effects/LIGHT_DA62_NavigationRed.fx",
	  "size": 1155,
	  "date": 1600285981614
	},
	{
	  "path": "Effects/LIGHT_DA62_StrobeSimple.fx",
	  "size": 1161,
	  "date": 1599935016000
	},
	{
	  "path": "Effects/LIGHT_DA62_TaxiBelly.fx",
	  "size": 1207,
	  "date": 1600284746077
	},
	{
	  "path": "SimObjects/Airplanes/Asobo_DA62/systems.cfg",
	  "size": 10976,
	  "date": 1600296292571
	}
  ]
}
