{
  "content": [
    {
      "path": "de-DE.locPak",
      "size": 1577,
      "date": 133087006342679461
    },
    {
      "path": "en-US.locPak",
      "size": 1328,
      "date": 133087006342679461
    },
    {
      "path": "es-ES.locPak",
      "size": 1447,
      "date": 133087006342679461
    },
    {
      "path": "es-MX.locPak",
      "size": 1449,
      "date": 133087006342679461
    },
    {
      "path": "fi-FI.locPak",
      "size": 1353,
      "date": 133087006342689440
    },
    {
      "path": "fr-FR.locPak",
      "size": 1518,
      "date": 133087006342689440
    },
    {
      "path": "it-IT.locPak",
      "size": 1496,
      "date": 133087006342689440
    },
    {
      "path": "ja-JP.locPak",
      "size": 1780,
      "date": 133087006342689440
    },
    {
      "path": "nb-NO.locPak",
      "size": 1475,
      "date": 133087006342699412
    },
    {
      "path": "nl-NL.locPak",
      "size": 1400,
      "date": 133087006342699412
    },
    {
      "path": "pl-PL.locPak",
      "size": 1680,
      "date": 133087006342709390
    },
    {
      "path": "pt-BR.locPak",
      "size": 1430,
      "date": 133087006342709390
    },
    {
      "path": "pt-PT.locPak",
      "size": 1417,
      "date": 133087006342709390
    },
    {
      "path": "ru-RU.locPak",
      "size": 2327,
      "date": 133087006342709390
    },
    {
      "path": "sv-SE.locPak",
      "size": 1419,
      "date": 133087006353844871
    },
    {
      "path": "zh-CN.locPak",
      "size": 1241,
      "date": 133087006353854842
    },
    {
      "path": "Effects/LIGHT_Baron_BeaconBellyLeft.fx",
      "size": 1225,
      "date": 132558587036466979
    },
    {
      "path": "Effects/LIGHT_Baron_BeaconBellyRight.fx",
      "size": 1227,
      "date": 132558584961624103
    },
    {
      "path": "Effects/LIGHT_Baron_BeaconTop.fx",
      "size": 1225,
      "date": 132558623950480822
    },
    {
      "path": "Effects/LIGHT_Baron_BeaconTopLeft.fx",
      "size": 1227,
      "date": 132558624800072113
    },
    {
      "path": "Effects/LIGHT_Baron_BeaconTopRight.fx",
      "size": 1227,
      "date": 132558624945198542
    },
    {
      "path": "Effects/LIGHT_Baron_Landing.fx",
      "size": 1232,
      "date": 132558632558519062
    },
    {
      "path": "Effects/LIGHT_Baron_NavigationGreen.fx",
      "size": 1158,
      "date": 132461014955965030
    },
    {
      "path": "Effects/LIGHT_Baron_NavigationRed.fx",
      "size": 1155,
      "date": 132461014955994946
    },
    {
      "path": "Effects/LIGHT_Baron_NavigationWhite.fx",
      "size": 1353,
      "date": 132461769230083964
    },
    {
      "path": "Effects/LIGHT_Baron_StrobeDouble.fx",
      "size": 10148,
      "date": 133124481085020469
    },
    {
      "path": "Effects/LIGHT_Baron_Taxi.fx",
      "size": 1279,
      "date": 133124492578394755
    },
    {
      "path": "Effects/LIGHT_Baron_vLanding.fx",
      "size": 1230,
      "date": 132558632754202303
    },
    {
      "path": "Effects/LIGHT_Baron_vTaxi.fx",
      "size": 1279,
      "date": 132850620232401077
    },
    {
      "path": "Effects/LIGHT_Baron_Wing.fx",
      "size": 1340,
      "date": 132470343992792835
    },
    {
      "path": "Effects/texture/FX_ulm-strobe01.PNG.dds",
      "size": 87556,
      "date": 132461719108903891
    },
    {
      "path": "Effects/texture/fx_ulm-strobe01.png.DDS.FLAGS",
      "size": 21,
      "date": 132447569545285976
    },
    {
      "path": "Effects/texture/FX_ulm-strobe01.PNG.DDS.json",
      "size": 144,
      "date": 132447569545285976
    },
    {
      "path": "SimObjects/Airplanes/Asobo_Baron_G58/systems.cfg",
      "size": 13353,
      "date": 133124493758955333
    }
  ]
}