{
  "content": [
	{
	  "path": "Effects/LIGHT_KingAir_BeaconBellyLeft.fx",
	  "size": 1225,
	  "date": 1611356303647
	},
	{
	  "path": "Effects/LIGHT_KingAir_BeaconBellyRight.fx",
	  "size": 1227,
	  "date": 1611356096162
	},
	{
	  "path": "Effects/LIGHT_KingAir_BeaconTop.fx",
	  "size": 1225,
	  "date": 1611359995048
	},
	{
	  "path": "Effects/LIGHT_KingAir_BeaconTopLeft.fx",
	  "size": 1227,
	  "date": 1611360080007
	},
	{
	  "path": "Effects/LIGHT_KingAir_BeaconTopRight.fx",
	  "size": 1227,
	  "date": 1611360094520
	},
	{
	  "path": "Effects/LIGHT_KingAir_Landing.fx",
	  "size": 1232,
	  "date": 1611360855852
	},
	{
	  "path": "Effects/LIGHT_KingAir_LandingPulse.fx",
	  "size": 1222,
	  "date": 1602521840127
	},
	{
	  "path": "Effects/LIGHT_KingAir_LogoLight.fx",
	  "size": 1278,
	  "date": 1608634810984
	},
	{
	  "path": "Effects/LIGHT_KingAir_NavigationGreen.fx",
	  "size": 1158,
	  "date": 1601602695597
	},
	{
	  "path": "Effects/LIGHT_KingAir_NavigationRed.fx",
	  "size": 1155,
	  "date": 1601602695599
	},
	{
	  "path": "Effects/LIGHT_KingAir_NavigationWhite.fx",
	  "size": 1353,
	  "date": 1601678123008
	},
	{
	  "path": "Effects/LIGHT_KingAir_StrobeSimple.fx",
	  "size": 4714,
	  "date": 1611360799089
	},
	{
	  "path": "Effects/LIGHT_KingAir_Taxi.fx",
	  "size": 1281,
	  "date": 1611360896560
	},
	{
	  "path": "Effects/LIGHT_KingAir_vLanding.fx",
	  "size": 1230,
	  "date": 1611360875420
	},
	{
	  "path": "Effects/LIGHT_KingAir_vTaxi.fx",
	  "size": 1280,
	  "date": 1602521542988
	},
	{
	  "path": "Effects/LIGHT_KingAir_Wing.fx",
	  "size": 1340,
	  "date": 1602535599279
	},
	{
	  "path": "Effects/texture/FX_ulm-strobe01.PNG.dds",
	  "size": 87556,
	  "date": 1601673110890
	},
	{
	  "path": "Effects/texture/fx_ulm-strobe01.png.DDS.FLAGS",
	  "size": 21,
	  "date": 1600258154529
	},
	{
	  "path": "Effects/texture/FX_ulm-strobe01.PNG.DDS.json",
	  "size": 144,
	  "date": 1600258154529
	},
	{
	  "path": "SimObjects/Airplanes/Asobo_KingAir350/systems.cfg",
	  "size": 18315,
	  "date": 1611363571680
	}
  ]
}
