{
  "content": [
    {
      "path": "de-DE.locPak",
      "size": 1762,
      "date": 133087006162093041
    },
    {
      "path": "en-US.locPak",
      "size": 1391,
      "date": 133087006162093041
    },
    {
      "path": "es-ES.locPak",
      "size": 1672,
      "date": 133087006162103006
    },
    {
      "path": "es-MX.locPak",
      "size": 1672,
      "date": 133087006162103006
    },
    {
      "path": "fi-FI.locPak",
      "size": 1606,
      "date": 133087006162103006
    },
    {
      "path": "fr-FR.locPak",
      "size": 1644,
      "date": 133087006162110966
    },
    {
      "path": "it-IT.locPak",
      "size": 1648,
      "date": 133087006162110966
    },
    {
      "path": "ja-JP.locPak",
      "size": 1778,
      "date": 133087006162110966
    },
    {
      "path": "nb-NO.locPak",
      "size": 1571,
      "date": 133087006162120974
    },
    {
      "path": "nl-NL.locPak",
      "size": 1532,
      "date": 133087006162120974
    },
    {
      "path": "pl-PL.locPak",
      "size": 1853,
      "date": 133087006162120974
    },
    {
      "path": "pt-BR.locPak",
      "size": 1481,
      "date": 133087006162130936
    },
    {
      "path": "pt-PT.locPak",
      "size": 1475,
      "date": 133087006162130936
    },
    {
      "path": "ru-RU.locPak",
      "size": 2465,
      "date": 133087006162130936
    },
    {
      "path": "sv-SE.locPak",
      "size": 1481,
      "date": 133087006174149159
    },
    {
      "path": "zh-CN.locPak",
      "size": 1202,
      "date": 133087006174149159
    },
    {
      "path": "Effects/LIGHT_SR22_Landing.fx",
      "size": 1230,
      "date": 133124539105375470
    },
    {
      "path": "Effects/LIGHT_SR22_NavigationGreen.fx",
      "size": 1158,
      "date": 132461014955965030
    },
    {
      "path": "Effects/LIGHT_SR22_NavigationRed.fx",
      "size": 1155,
      "date": 132461014955994946
    },
    {
      "path": "Effects/LIGHT_SR22_NavigationWhite.fx",
      "size": 1353,
      "date": 132461769230083964
    },
    {
      "path": "Effects/LIGHT_SR22_StrobeSimple.fx",
      "size": 4700,
      "date": 133124534138238928
    },
    {
      "path": "Effects/LIGHT_SR22_vLanding.fx",
      "size": 1229,
      "date": 133124542812499358
    },
    {
      "path": "Effects/texture/FX_ulm-strobe01.PNG.dds",
      "size": 87556,
      "date": 132461719108903891
    },
    {
      "path": "Effects/texture/fx_ulm-strobe01.png.DDS.FLAGS",
      "size": 21,
      "date": 132447569545285976
    },
    {
      "path": "Effects/texture/FX_ulm-strobe01.PNG.DDS.json",
      "size": 144,
      "date": 132447569545285976
    },
    {
      "path": "SimObjects/Airplanes/Asobo_SR22/systems.cfg",
      "size": 11266,
      "date": 133124514017573037
    }
  ]
}