{
  "content": [
	{
	  "path": "Effects/LIGHT_XCub_Landing.fx",
	  "size": 1159,
	  "date": 1630863828011
	},
	{
	  "path": "Effects/LIGHT_XCub_LandingPulse.fx",
	  "size": 1224,
	  "date": 1630928974049
	},
	{
	  "path": "Effects/LIGHT_XCub_NavigationGreen.fx",
	  "size": 1158,
	  "date": 1601602695597
	},
	{
	  "path": "Effects/LIGHT_XCub_NavigationRed.fx",
	  "size": 1155,
	  "date": 1601602695599
	},
	{
	  "path": "Effects/LIGHT_XCub_NavigationWhite.fx",
	  "size": 1353,
	  "date": 1601678123008
	},
	{
	  "path": "Effects/LIGHT_XCub_StrobeDouble.fx",
	  "size": 10132,
	  "date": 1630860515477
	},
	{
	  "path": "Effects/LIGHT_XCub_Taxi.fx",
	  "size": 1209,
	  "date": 1630864089421
	},
	{
	  "path": "Effects/LIGHT_XCub_vLanding.fx",
	  "size": 1156,
	  "date": 1604871859273
	},
	{
	  "path": "Effects/LIGHT_XCub_vTaxi.fx",
	  "size": 1207,
	  "date": 1630782023144
	},
	{
	  "path": "Effects/texture/FX_ulmSTR01.PNG.dds",
	  "size": 87556,
	  "date": 1601673110890
	},
	{
	  "path": "Effects/texture/fx_ulmSTR01.png.DDS.FLAGS",
	  "size": 21,
	  "date": 1600258154529
	},
	{
	  "path": "Effects/texture/FX_ulmSTR01.PNG.DDS.json",
	  "size": 144,
	  "date": 1600258154529
	},
	{
	  "path": "SimObjects/Airplanes/Asobo_NXCub/systems.cfg",
	  "size": 7552,
	  "date": 1640555414171
	}
  ]
}
