{
  "content": [
    {
      "path": "de-DE.locPak",
      "size": 1329,
      "date": 133087005972324940
    },
    {
      "path": "en-US.locPak",
      "size": 1127,
      "date": 133087005972324940
    },
    {
      "path": "es-ES.locPak",
      "size": 1227,
      "date": 133087005972324940
    },
    {
      "path": "es-MX.locPak",
      "size": 1227,
      "date": 133087005972324940
    },
    {
      "path": "fi-FI.locPak",
      "size": 1250,
      "date": 133087005972334912
    },
    {
      "path": "fr-FR.locPak",
      "size": 1238,
      "date": 133087005972334912
    },
    {
      "path": "it-IT.locPak",
      "size": 1173,
      "date": 133087005972334912
    },
    {
      "path": "ja-JP.locPak",
      "size": 1550,
      "date": 133087005972334912
    },
    {
      "path": "nb-NO.locPak",
      "size": 1091,
      "date": 133087005972344886
    },
    {
      "path": "nl-NL.locPak",
      "size": 1206,
      "date": 133087005972344886
    },
    {
      "path": "pl-PL.locPak",
      "size": 1443,
      "date": 133087005972354859
    },
    {
      "path": "pt-BR.locPak",
      "size": 1167,
      "date": 133087005972354859
    },
    {
      "path": "pt-PT.locPak",
      "size": 1160,
      "date": 133087005972354859
    },
    {
      "path": "ru-RU.locPak",
      "size": 2059,
      "date": 133087005972354859
    },
    {
      "path": "sv-SE.locPak",
      "size": 1188,
      "date": 133087005988491532
    },
    {
      "path": "zh-CN.locPak",
      "size": 1087,
      "date": 133087005988491532
    },
    {
      "path": "Effects/LIGHT_C152_BeaconTop.fx",
      "size": 1220,
      "date": 132461014955905188
    },
    {
      "path": "Effects/LIGHT_C152_Landing.fx",
      "size": 1159,
      "date": 132462645868252134
    },
    {
      "path": "Effects/LIGHT_C152_NavigationGreen.fx",
      "size": 1158,
      "date": 132461014955965030
    },
    {
      "path": "Effects/LIGHT_C152_NavigationRed.fx",
      "size": 1155,
      "date": 132461014955994946
    },
    {
      "path": "Effects/LIGHT_C152_NavigationWhite.fx",
      "size": 1353,
      "date": 132461769230083964
    },
    {
      "path": "Effects/LIGHT_C152_StrobeSimple.fx",
      "size": 4445,
      "date": 132463431355631291
    },
    {
      "path": "Effects/LIGHT_C152_Taxi.fx",
      "size": 1206,
      "date": 132462645868302000
    },
    {
      "path": "Effects/LIGHT_C152_vLanding.fx",
      "size": 1158,
      "date": 132481296907647673
    },
    {
      "path": "Effects/LIGHT_C152_vTaxi.fx",
      "size": 1206,
      "date": 132481296691956530
    },
    {
      "path": "Effects/texture/FX_ulm01.PNG.dds",
      "size": 87556,
      "date": 132456699569509610
    },
    {
      "path": "Effects/texture/fx_ulm01.png.DDS.FLAGS",
      "size": 21,
      "date": 132447569545285976
    },
    {
      "path": "Effects/texture/FX_ulm01.PNG.DDS.json",
      "size": 144,
      "date": 132447569545285976
    },
    {
      "path": "Effects/texture/FX_ulm02.PNG.dds",
      "size": 87556,
      "date": 132455783006451887
    },
    {
      "path": "Effects/texture/fx_ulm02.png.DDS.FLAGS",
      "size": 21,
      "date": 132447569545285976
    },
    {
      "path": "Effects/texture/FX_ulm02.PNG.DDS.json",
      "size": 144,
      "date": 132447569545285976
    },
    {
      "path": "Effects/texture/FX_ulm03.PNG.dds",
      "size": 87556,
      "date": 132461719108903891
    },
    {
      "path": "Effects/texture/fx_ulm03.png.DDS.FLAGS",
      "size": 21,
      "date": 132447569545285976
    },
    {
      "path": "Effects/texture/FX_ulm03.PNG.DDS.json",
      "size": 144,
      "date": 132447569545285976
    },
    {
      "path": "Effects/texture/FX_ulm04.PNG.DDS",
      "size": 87556,
      "date": 132458776466613442
    },
    {
      "path": "Effects/texture/fx_ulm04.png.DDS.FLAGS",
      "size": 21,
      "date": 132447569545285976
    },
    {
      "path": "Effects/texture/FX_ulm04.PNG.DDS.json",
      "size": 144,
      "date": 132447569545285976
    },
    {
      "path": "SimObjects/Airplanes/Asobo_C152_Aerobat/systems - Copy.cfg",
      "size": 8510,
      "date": 133087005975795586
    },
    {
      "path": "SimObjects/Airplanes/Asobo_C152_Aerobat/systems.cfg",
      "size": 8713,
      "date": 133123649112048920
    }
  ]
}